qseqid	sseqid	pident	length	mismatch	gapopen	qstart	qend	sstart	send	evalue	bitscore	qcovs
1	NC_002516.2	100.000	15	0	0	28	42	1484825	1484811	0.19	30.2	29
1	NC_002516.2	100.000	13	0	0	30	42	884305	884293	3.0	26.3	29
1	NC_002516.2	100.000	13	0	0	29	41	2513320	2513332	3.0	26.3	29
2	NC_002516.2	100.000	14	0	0	2	15	3097697	3097710	0.75	28.2	27
3	NC_002516.2	100.000	15	0	0	4	18	1965694	1965680	0.19	30.2	73
3	NC_002516.2	94.444	18	1	0	4	21	5283620	5283637	0.75	28.2	73
3	NC_002516.2	100.000	13	0	0	11	23	992255	992267	3.0	26.3	73
3	NC_002516.2	100.000	13	0	0	32	44	1857805	1857793	3.0	26.3	73
3	NC_002516.2	100.000	13	0	0	1	13	2839123	2839111	3.0	26.3	73
3	NC_002516.2	100.000	13	0	0	2	14	3061115	3061103	3.0	26.3	73
3	NC_002516.2	100.000	13	0	0	5	17	4479783	4479771	3.0	26.3	73
3	NC_002516.2	100.000	13	0	0	2	14	5009087	5009075	3.0	26.3	73
3	NC_002516.2	100.000	13	0	0	13	25	5227848	5227836	3.0	26.3	73
4	NC_002516.2	100.000	13	0	0	34	46	3109863	3109875	3.0	26.3	37
4	NC_002516.2	100.000	13	0	0	36	48	4172612	4172624	3.0	26.3	37
4	NC_002516.2	100.000	13	0	0	40	52	3143940	3143928	3.0	26.3	37
4	NC_002516.2	100.000	13	0	0	34	46	3857474	3857462	3.0	26.3	37
4	NC_002516.2	100.000	13	0	0	40	52	5218258	5218246	3.0	26.3	37
5	NC_002516.2	100.000	13	0	0	28	40	518684	518672	3.0	26.3	25
5	NC_002516.2	100.000	13	0	0	28	40	2325169	2325181	3.0	26.3	25
6	NC_002516.2	100.000	15	0	0	10	24	4745910	4745896	0.19	30.2	31
6	NC_002516.2	100.000	13	0	0	13	25	171306	171294	3.0	26.3	31
6	NC_002516.2	100.000	13	0	0	13	25	1034864	1034852	3.0	26.3	31
6	NC_002516.2	100.000	13	0	0	12	24	3725513	3725501	3.0	26.3	31
6	NC_002516.2	100.000	13	0	0	13	25	4642635	4642623	3.0	26.3	31
6	NC_002516.2	100.000	13	0	0	13	25	1422482	1422494	3.0	26.3	31
6	NC_002516.2	100.000	13	0	0	13	25	2035303	2035315	3.0	26.3	31
6	NC_002516.2	100.000	13	0	0	13	25	2542245	2542257	3.0	26.3	31
6	NC_002516.2	100.000	13	0	0	13	25	3428597	3428609	3.0	26.3	31
6	NC_002516.2	100.000	13	0	0	12	24	3961372	3961384	3.0	26.3	31
7	NC_002516.2	100.000	13	0	0	30	42	5781137	5781125	3.0	26.3	25
8	NC_002516.2	100.000	14	0	0	6	19	794699	794686	0.75	28.2	69
8	NC_002516.2	100.000	13	0	0	4	16	2794776	2794788	3.0	26.3	69
8	NC_002516.2	100.000	13	0	0	7	19	3128183	3128195	3.0	26.3	69
8	NC_002516.2	100.000	13	0	0	6	18	3579707	3579719	3.0	26.3	69
8	NC_002516.2	100.000	13	0	0	34	46	943279	943267	3.0	26.3	69
8	NC_002516.2	100.000	13	0	0	1	13	2155261	2155249	3.0	26.3	69
8	NC_002516.2	100.000	13	0	0	7	19	2643884	2643872	3.0	26.3	69
8	NC_002516.2	94.118	17	1	0	7	23	4897864	4897848	3.0	26.3	69
9	NC_002516.2	94.118	17	1	0	9	25	473942	473926	3.0	26.3	33
10	NC_002516.2	100.000	13	0	0	31	43	144090	144102	3.0	26.3	25
12	NC_002516.2	100.000	14	0	0	32	45	669976	669963	0.75	28.2	52
12	NC_002516.2	100.000	13	0	0	8	20	3973740	3973752	3.0	26.3	52
13	NC_002516.2	100.000	13	0	0	28	40	2521466	2521454	3.0	26.3	25
13	NC_002516.2	100.000	13	0	0	28	40	3576120	3576108	3.0	26.3	25
14	NC_002516.2	100.000	13	0	0	34	46	165746	165758	3.0	26.3	58
14	NC_002516.2	100.000	13	0	0	10	22	1260006	1259994	3.0	26.3	58
14	NC_002516.2	100.000	13	0	0	9	21	1342882	1342894	3.0	26.3	58
14	NC_002516.2	100.000	13	0	0	13	25	1503220	1503232	3.0	26.3	58
14	NC_002516.2	100.000	13	0	0	9	21	1758318	1758306	3.0	26.3	58
16	NC_002516.2	100.000	13	0	0	31	43	2397820	2397808	3.0	26.3	44
16	NC_002516.2	100.000	13	0	0	32	44	2720642	2720630	3.0	26.3	44
16	NC_002516.2	94.118	17	1	0	34	50	4127692	4127708	3.0	26.3	44
16	NC_002516.2	100.000	13	0	0	32	44	5581263	5581251	3.0	26.3	44
16	NC_002516.2	100.000	13	0	0	28	40	5768245	5768233	3.0	26.3	44
17	NC_002516.2	100.000	14	0	0	9	22	4053178	4053191	0.75	28.2	65
17	NC_002516.2	100.000	14	0	0	2	15	2356942	2356929	0.75	28.2	65
17	NC_002516.2	100.000	13	0	0	30	42	2291076	2291088	3.0	26.3	65
18	NC_002516.2	100.000	14	0	0	12	25	3536245	3536232	0.75	28.2	63
18	NC_002516.2	100.000	13	0	0	6	18	1299565	1299553	3.0	26.3	63
18	NC_002516.2	100.000	13	0	0	39	51	4759950	4759962	3.0	26.3	63
